Group,Cell,Chg C-rate,Dchg C-rate,DoD,Lifetime,Q_initial,Q_ini_V_low,Q_ini_V_mid,Q_ini_V_high,CV_time_0,CV_time_3,delta_CV_time_3_0,capacity_fade_3_0,var_deltaQ_dchg_3_0,mean_deltaQ_dchg_3_0,var_dqdv_dchg_3_0,mean_dqdv_dchg_3_0,var_dqdv_dchg_low_3_0,mean_dqdv_dchg_low_3_0,var_dqdv_dchg_mid_3_0,mean_dqdv_dchg_mid_3_0,var_dqdv_dchg_high_3_0,mean_dqdv_dchg_high_3_0,delta_Q_DVA1,delta_Q_DVA2,delta_Q_DVA3,delta_Q_DVA4,chg_stress,dchg_stress,avg_stress,multi_stress
G2,G2C1,0.5,0.5,0.4497688936088829,23.929,0.28191080555555553,-0.0798338480409223,-0.1158606064976462,-0.08628602254090574,1099.0,801.0,-298.0,0.008040027777777736,2.96743849520005e-05,-0.0043658509033928225,0.0015542032231120478,0.006786123899589071,0.00024837615686564707,0.0033785769097431115,0.0024047859989484244,0.03365688447295711,0.0021652615619137876,-0.013204063048114306,-0.010167477807554559,0.004930632457789991,0.002751841574722219,0.012919319382276778,0.47421982961959896,0.47421982961959896,0.47421982961959896,0.22488444680444147
G2,G2C2,0.5,0.5,0.483613730465826,27.751,0.28240038888888885,-0.07838952571806918,-0.11707407800677111,-0.08702187416746351,1180.0,809.0,-371.0,0.008168305555555533,3.301024422229822e-05,-0.004240314102770475,0.0017189762782897648,0.006900382576249408,0.0003279106625499257,0.0045099529203713445,0.0026226174078535945,0.03367107118814878,0.0023825676015405105,-0.015028198031858309,0.006070579726980774,0.005525053586424689,0.003362480221397096,-0.0027080995055836776,0.49173861474660807,0.49173861474660807,0.49173861474660807,0.24180686523291303
G2,G2C3,0.5,0.5,0.4556527791783018,28.185,0.28318322222222225,-0.07975314380946752,-0.11673325281033019,-0.0868368713112643,1085.0,807.0,-278.0,0.009098611111111155,3.243629114154714e-05,-0.005390451532835442,0.001529624218904879,0.007695814810859793,0.0002952548036902957,0.0028207120573501836,0.002171299500399706,0.035136252562555495,0.0022403512874745626,-0.009931118747818686,-0.003071130749435075,0.0064132315137317986,0.003334464659308478,0.006405595408743553,0.47731162733496335,0.47731162733496335,0.47731162733496335,0.22782638958915094
G2,G2C4,0.5,0.5,0.4551969334916514,26.098,0.2818986111111111,-0.07673498094919418,-0.11551025320300261,-0.0897690086618817,1002.0,734.0,-268.0,0.00928055555555557,3.147656821162703e-05,-0.0058345385453851895,0.0015064451062277947,0.007808260906820241,0.00024970132276920303,0.0015535917049668156,0.002001064963793998,0.03185191040808827,0.002733830623575636,-0.003638582227437258,-0.005154561801891305,0.007695345739552217,0.0017116538708125129,0.006866215672703818,0.477072810738388,0.477072810738388,0.477072810738388,0.22759846674582576
G3,G3C1,0.5,0.5,0.6701900922367644,31.609,0.28224163888888887,-0.07800646881272177,-0.1158841092223809,-0.08842455132620086,1052.0,734.0,-318.0,0.009437083333333318,4.0243893616062414e-05,-0.006152862585310976,0.0018835678400702313,0.007918088182258589,0.00019259110874804243,-0.001100480578678992,0.0026082461402478193,0.04224008484479025,0.0029310270374014844,-0.008295537022594012,-0.007691780320300823,0.008378999277028315,0.001027485767810199,0.008719266088111022,0.5788739466571131,0.5788739466571131,0.5788739466571131,0.33509504611838226
G3,G3C2,0.5,0.5,0.688215868,18.243,0.2798638611111111,-0.07609528513257369,-0.11449844985640159,-0.08929415062628297,930.0,696.0,-234.0,0.012355555555555509,4.850989423590888e-05,-0.008027540786807019,0.0015558140293440972,0.01053579478662279,0.00027138265766684283,0.0011065659915615851,0.0016300562881504757,0.04173026479164746,0.0027427387819845546,-0.0017550917483705212,-0.001821711954798133,0.010336055794321813,0.0025596396359052753,0.004381351590703408,0.5866071376994999,0.5866071376994999,0.5866071376994999,0.34410793400000006
G3,G3C3,0.5,0.5,0.6714335446504401,26.745,0.2847791388888889,-0.0796254179540184,-0.1163814448470689,-0.08893895875965689,1047.0,754.0,-293.0,0.009554250000000042,4.05363753261105e-05,-0.005793281499958861,0.0019000173645790997,0.00816077750403795,0.00018927886245564547,0.0005921537071695995,0.002928760534487724,0.042681432602333376,0.0026075583166552735,-0.011146852932066164,-0.0061940135743264735,0.0075591900353447206,0.0012576312632528175,0.007451644837579291,0.5794107112620719,0.5794107112620719,0.5794107112620719,0.33571677232522
G3,G3C4,0.5,0.5,0.6809655657955851,18.258,0.2840763888888889,-0.0790516337008492,-0.1167765962438897,-0.08829377404898028,1062.0,762.0,-300.0,0.00971388888888891,4.2937571982367244e-05,-0.005737894324509879,0.0018920068145753866,0.008216872410624848,0.000244485129277834,0.001062966763662887,0.0025858947497420536,0.043501580147529535,0.002703942744864748,-0.012670563079015294,-0.004230049131840191,0.007055380468095701,0.002334136585590202,0.006564185717430393,0.5835090255495561,0.5835090255495561,0.5835090255495561,0.3404827828977925
G4,G4C1,1.0,0.5,0.4614619254627568,26.341,0.2838558611111111,-0.07943038113855808,-0.1164589936792226,-0.08805901439972239,1090.0,739.0,-351.0,0.010488250000000032,4.074813962304004e-05,-0.005836534201262884,0.0018818183606554586,0.008875244660869587,0.00031245752536990403,0.004242971174494388,0.0027401750115352863,0.03674773669447445,0.002995566776628434,-0.009624323157641114,-0.007107214980095505,0.007178016188827796,0.0029164695395070828,0.010023684519602588,0.6793098891248064,0.48034462912723236,0.5798272591260194,0.32630285675411647
G4,G4C2,1.0,0.5,0.4695647103085026,26.96,0.2805666666666667,-0.0795242999521592,-0.11548009869651091,-0.0857794187751765,1081.0,711.0,-370.0,0.011183333333333378,4.5052718368786584e-05,-0.005937755039499446,0.0018530322624552634,0.009584480005300053,0.0003386808285409562,0.005721457141269316,0.0024508586602825042,0.038235892487235225,0.0029932561176032194,-0.011255608064854202,-0.0042607955643719775,0.007160944813306813,0.003804913431689122,0.0080657089960611,0.6852479188647731,0.48454345022325024,0.5848956845440116,0.332032390865039
G4,G4C3,1.0,0.5,0.4757042562173046,30.762,0.28203316666666667,-0.07997414359357718,-0.1159629246698094,-0.0863688273192554,1136.0,737.0,-399.0,0.010060999999999987,3.981063288056895e-05,-0.005244620000075937,0.0018332874370202436,0.008681577414929113,0.0003296713847342078,0.005370714289458261,0.002678130915362257,0.03636467264450545,0.0027607927647824732,-0.012307985940347979,-0.002044138826275438,0.00633555659286561,0.0037368348627753734,0.005780973689050811,0.6897131695257853,0.48770085924534967,0.5887070143855675,0.336373705410559
G4,G4C4,1.0,0.5,0.48394942512902,22.779,0.2823097222222222,-0.07747136283902281,-0.1159840157269063,-0.08892076984070814,1031.0,705.0,-326.0,0.011059611111111145,4.1529427364948485e-05,-0.0066075650162759165,0.0018082733006930794,0.009361437887323623,0.00027856579539608785,0.003273360807903642,0.0024478994818392073,0.03647448033456392,0.003192947528932492,-0.005488561646135103,-0.010420165847656981,0.007058665183282492,0.0036108352580978276,0.014031001105754809,0.695664736154579,0.49190925236725325,0.5937869942609162,0.34220392026006147
G5,G5C1,1.0,0.5,0.9774853115513104,12.522,0.2816933888888889,-0.07800162618869888,-0.1158211956116837,-0.088243607515721,1057.0,728.0,-329.0,0.010602055555555545,5.6643223448526656e-05,-0.006299470090441672,0.0023942336024112727,0.009069861441720239,0.0003118780106408323,0.0001330158888485258,0.0018030200883773463,0.050810581454169994,0.00468725401204771,-0.014605266789831586,-0.004548535518589886,0.007060550840367719,0.00342636638179869,0.007974901900388576,0.9886785683685625,0.6991013201072183,0.8438899442378904,0.6911864923081766
G5,G5C2,1.0,0.5,0.9655387820980716,12.827,0.2842785,-0.07786457884166567,-0.1163570942064592,-0.0904258937868702,1011.0,748.0,-263.0,0.011724333333333337,5.803080269866127e-05,-0.007494128158353939,0.0022215936208899558,0.01003782112977584,0.00029511475229339524,-0.0006996754515622872,0.0016848691679878524,0.050598749711364056,0.004376861075164521,-0.008871400868072461,-0.004615981372022071,0.009174866757140215,0.0025540870474579924,0.0071700684194800635,0.9826183298199112,0.6948160843338588,0.8387172070768849,0.6827390203201469
G5,G5C3,1.0,0.5,0.9764392560699544,16.23,0.2816125,-0.0807336633490271,-0.1161990003203327,-0.0850259813803527,1198.0,906.0,-292.0,0.011613888888888868,5.354854198880134e-05,-0.007196629547932337,0.0018810246502710805,0.009617375844864827,0.00035936933917684135,0.0005568006280338084,0.0021006277315511997,0.052886007235927734,0.00204358583690923,-0.015364664921831177,-0.0084039997566151,0.006772734777594797,0.004098983113790505,0.012502982870405605,0.9881494097908243,0.6987271484885765,0.8434382791397004,0.6904468193838126
G5,G5C4,1.0,0.5,0.982037464681578,8.221,0.2861761944444444,-0.07896813172946601,-0.11737806739793051,-0.0899289704220604,983.0,769.0,-214.0,0.010258416666666659,5.214869269805638e-05,-0.0075283226962943655,0.0018789166007174619,0.00857304547967578,0.00029257248727911436,-0.0038395783311289656,0.0013210901538759936,0.051491199532406724,0.003136468275486016,-0.009361105304720504,0.0006218657489280299,0.008299849557717232,0.003141325564263997,0.002519459815335967,0.9909780344092285,0.7007272881376814,0.8458526612734549,0.6944053506555886
G7,G7C1,2.0,0.5,0.4780172675001852,21.972,0.2837346944444445,-0.07832112109298697,-0.1171876544437565,-0.0883607341651274,1145.0,696.0,-449.0,0.021784694444444475,0.00011202392749197913,-0.011580374071958043,0.002160366074371913,0.01850947550806082,0.001132838603358954,0.014561765416784963,0.0013891661988014682,0.045168820053543876,0.003907039769816017,-1.6457203677560984e-05,-0.007154160653121189,0.00646975893497681,0.016956754758919362,0.02411091541204055,0.9777701851664176,0.4888850925832088,0.7333276388748131,0.47801726750018525
G7,G7C2,2.0,0.5,0.4717679860495474,22.681,0.28513611111111115,-0.07821352857845401,-0.1163214457428695,-0.09069766267968628,986.0,669.0,-317.0,0.017669444444444515,7.441330079442602e-05,-0.00991421345514275,0.0017775740124590408,0.014916809670697261,0.000741127277233571,0.009527523490399563,0.0011910446439860449,0.03873744735892425,0.003645371231057388,0.0020398258777012046,-0.004697600794636603,0.007469347187268799,0.0107573219551306,0.015454922749767203,0.9713577981872051,0.48567889909360257,0.7285183486404039,0.47176798604954756
G7,G7C3,2.0,0.5,0.4514696393161055,36.55,0.2825712222222222,-0.07912228382935307,-0.11626994874078501,-0.08729432277850399,1146.0,715.0,-431.0,0.014944999999999986,6.751351125422974e-05,-0.0078588499285341,0.0022897325805522365,0.012664888091792788,0.0008610736281778343,0.008639342978379237,0.002356795638801513,0.040433157541722956,0.0038924274821728307,-0.006882670032987001,-0.007752331370258825,0.008480107570397633,0.006219557363342593,0.013971888733601417,0.9502311711537414,0.4751155855768707,0.7126733783653061,0.45146963931610556
G7,G7C4,2.0,0.5,0.4731701623111751,26.505,0.28342677777777775,-0.07667682500630046,-0.11646267925274072,-0.09035072281133619,1036.0,647.0,-389.0,0.022888972222222193,0.00011793144004279938,-0.012289295106395603,0.0022808108133016932,0.019561586481537094,0.0011063236923947292,0.014774905195264863,0.0013256466103908546,0.043792297471644225,0.004753434162122101,0.0051701270763084214,-0.01158899942530392,0.007002926577631602,0.016858828137899767,0.028447827563203687,0.9728002490862913,0.48640012454314563,0.7296001868147184,0.47317016231117515
G10,G10C1,2.5,0.5,0.4696920253226985,15.046,0.2827415,-0.07482132702996502,-0.1149467694813781,-0.09285249462742359,809.0,630.0,-179.0,0.03711649999999997,0.00024002842723615543,-0.02035872735983915,0.0032088411804289743,0.03148362016481116,0.0023492569678770984,0.02475523780167376,0.0022440802758242145,0.0482535966920643,0.005538394240389164,0.028564143355852643,-0.009080361248628321,0.006891399958093014,0.02945218902713187,0.03853255027576019,1.083618965922407,0.48460913390210597,0.7841140499122564,0.5251316485555533
G10,G10C2,2.5,0.5,0.4755621125277811,20.141,0.28496666666666665,-0.07562784374813591,-0.1147434610424256,-0.09455431881316219,871.0,645.0,-226.0,0.03155444444444444,0.0001737027257644581,-0.017982519623273473,0.002761127720877688,0.02679435244961657,0.002003070873351869,0.0191261876168584,0.0014732300938362542,0.04324268496128712,0.005189355134768109,0.02599252807612583,-0.004131418120172314,0.007721000223133295,0.02431629740887989,0.028447715529052203,1.0903693325288697,0.48762798962312504,0.7889986610759974,0.5316946055677615
G10,G10C3,2.5,0.5,0.4839266676511732,14.177,0.28478261111111114,-0.0764287958552689,-0.1150676881198345,-0.09337012179243627,844.0,688.0,-156.0,0.02801622222222222,0.0001349906110978802,-0.016987189212448458,0.0019400242204701732,0.02380299198016958,0.001140148860914135,0.013726868535638464,0.0011523225491786731,0.043457110961552345,0.0037434628139356276,0.024534549939598794,-0.00046148801594636524,0.011187740184345513,0.018296602331380307,0.018758090347326672,1.099916664628704,0.49189768633892417,0.7959071754838141,0.5410464624964859
G10,G10C4,2.5,0.5,0.4590519502891597,24.956,0.2821875,-0.077619675850428,-0.1153326993905692,-0.0895558088734422,980.0,611.0,-369.0,0.029167166666666633,0.0001661922045809169,-0.015725589611766275,0.0021971246348205143,0.025023169995731696,0.0017901908549802187,0.020570496410475952,0.0009242562165002052,0.047197311426142974,0.0036044158524089712,0.012088939400903734,-0.007587190349506501,0.007038974188129016,0.023512738034685204,0.031099928384191705,1.0712748833622951,0.4790886923572501,0.7751817878597727,0.5132356830252076
G14,G14C1,3.0,0.5,0.6805431772978944,5.385,0.2842125,-0.07770850817485112,-0.11685222297771951,-0.0900133815720845,1064.0,664.0,-400.0,0.06577638888888887,0.0007017355059859177,-0.03580365340720466,0.005359678704550702,0.0558707044279274,0.005190800685648845,0.05129043088245899,0.002946658861396996,0.08564320622084372,0.006879526826142898,0.03594020530158032,-0.01654536973905868,0.013566440327775181,0.05349967305887937,0.07004504279793805,1.4288560221007864,0.5833280283416418,1.0060920252212142,0.8334917661561331
G16,G16C1,0.5,0.5,0.9698223410869544,15.247,0.28146944444444444,-0.07781727360985902,-0.11620153800970519,-0.0878753831559507,1069.0,783.0,-286.0,0.008194444444444449,4.156893675804848e-05,-0.005600004487558672,0.0018429295197222556,0.007088337051197019,0.00025374688963321834,-0.002779825318728776,0.0018896694677526583,0.04829200397987377,0.0026268427028542647,-0.014220922277318483,-0.0046614401161649,0.007575996874589985,0.0013286960329473019,0.005990136149112202,0.6963556351057104,0.6963556351057104,0.6963556351057104,0.4849111705434773
G16,G16C2,0.5,0.5,0.9767413440371652,16.805,0.28580972222222223,-0.07869538786379951,-0.1174028138234471,-0.0900054033027745,1090.0,748.0,-342.0,0.006494444444444414,3.649128270213015e-05,-0.004382017404525998,0.0019549203199587463,0.005754582152278535,0.00029021346409566787,-0.002380131868699298,0.0022462609453094834,0.04537380898369826,0.002748111182807989,-0.01746609963966634,-0.003340888581352619,0.006964190454205682,0.00046203677214379235,0.0038029253534964114,0.6988352252273655,0.6988352252273655,0.6988352252273655,0.4883706720185827
G16,G16C3,0.5,0.5,0.9857103553837396,16.417,0.28310555555555555,-0.07608338630699879,-0.1160902313464961,-0.09119589452563491,1023.0,743.0,-280.0,0.00947638888888891,4.468244391141374e-05,-0.0060276040768204924,0.0019363438052361437,0.008103843798530824,0.00034013407742341985,-0.0013498680684746187,0.0016077021695201728,0.04553154719001824,0.0035416690166415635,-0.010237593599818812,-0.00443283121329871,0.006449955501944993,0.002887993420504914,0.007320824633803624,0.7020364504011668,0.7020364504011668,0.7020364504011668,0.49285517769186993
G16,G16C4,0.5,0.5,0.9725482887780864,15.987,0.28662916666666666,-0.07722109411272299,-0.1174435528679605,-0.09206598895844514,1015.0,738.0,-277.0,0.008651388888888889,4.337537350975602e-05,-0.005529155839858118,0.0019826629030784393,0.007389021750466979,0.0003103982000828479,-0.0016124739419891457,0.0019806889859017855,0.04675842021622582,0.0031680541390157477,-0.013800533052192428,-0.005390621002124812,0.007239563445339381,0.0010382095539324954,0.006428830556057308,0.6973335961998699,0.6973335961998699,0.6973335961998699,0.4862741443890432
G19,G19C1,2.5,0.5,0.6548972281449894,9.874,0.2800972222222222,-0.07661841286710266,-0.1148650655075685,-0.0888905123737306,1024.0,631.0,-393.0,0.0486736111111111,0.000403404031945124,-0.027044770039983703,0.0038106413614364854,0.04153460764948481,0.003873687810512721,0.033103328068328434,0.0013610060211571811,0.0690386621749013,0.00518052734373838,0.031395261329976915,-0.006425028653545217,0.010549924542718886,0.03883479670418988,0.045259825357735095,1.2795479945521675,0.5722312592584354,0.9258896269053014,0.7321973602041925
G19,G19C2,2.5,0.5,0.645031321,7.794,0.28473194444444444,-0.07733390358878611,-0.1161636261358942,-0.0914941600507278,958.0,635.0,-323.0,0.05631805555555555,0.000515617572417455,-0.031023786247122005,0.00457484137237564,0.04788318616415545,0.004664112040687979,0.04076296526318837,0.0022537409200258205,0.0739860125837603,0.0058793993699423714,0.0366204672007579,-0.014838345953925913,0.011253346660745178,0.045786359019871214,0.06062470497379713,1.2698733411250118,0.5679046227140611,0.9188889819195365,0.721166940686244
G19,G19C3,2.5,0.5,0.6537357088956184,12.02,0.28344166666666665,-0.0775593832555651,-0.11550710167464509,-0.0905817815141399,933.0,656.0,-277.0,0.04033333333333333,0.0002855385087876305,-0.023003184441497564,0.0031327291178394573,0.034402342366386826,0.0025954602998908634,0.024145465361844694,0.001183713932861449,0.06005646946283992,0.005294993854091594,0.029672600867422502,-0.005082668568664739,0.010524891307132911,0.03126112320869798,0.036343791777362716,1.2784127941471197,0.571723582203681,0.9250681881754004,0.7308987422048083
G19,G19C4,2.5,0.5,0.6743909910500875,4.663,0.2854124722222222,-0.07755306540940499,-0.1171528692326833,-0.0909651378948171,960.0,817.0,-143.0,0.06446299999999999,0.0006310062886261829,-0.03684864383004254,0.004564844599518528,0.054708070549915326,0.004510221543421086,0.0451962125601809,0.0026863480060366996,0.07949880681843027,0.005805220784037529,0.049551031882324195,0.0007018008429232891,0.016416648404206813,0.04991325417917469,0.049211453336251404,1.2984519542998958,0.5806853670664035,0.9395686606831497,0.753992049700724
G20,G20C1,0.8,0.5,0.9802817829477584,8.324,0.283018151111111,-0.077749539157425,-0.1145740641315131,-0.090848572631785,923.0,757.0,-166.0,0.014665795555555028,6.340913576398454e-05,-0.0099742611000113,0.0015821339559456927,0.012391249529562193,0.000273069435135405,-0.00013929939205739128,0.0009021979649073379,0.04900490332177178,0.003098478572979834,0.001022494266197338,-0.0015792956034920147,0.009163282940516188,0.006560054804160692,0.008139350407652707,0.885565032258053,0.7001006295339829,0.792832830896018,0.6199846365771448
G20,G20C2,0.8,0.5,0.980677841,9.574,0.285403573333333,-0.0784738243177926,-0.11612387604964888,-0.09102398544262617,950.0,746.0,-204.0,0.011693351111110972,5.406530525119717e-05,-0.007944309560018804,0.0018453049974920613,0.010078317501601756,0.00033327376194972053,-0.0010977464812353276,0.0013120813088436556,0.04934940422401769,0.0033294553843008835,-0.006674254137360748,-0.002646202974042916,0.007966336880681713,0.004063448869900177,0.006709651843943093,0.8857439092649748,0.7002420442247096,0.7929929767448423,0.6202351256832916
G20,G20C3,0.8,0.5,0.9820725541700274,14.674,0.280671822222222,-0.0770562546543869,-0.1148140261021254,-0.08885845542159118,990.0,700.0,-290.0,0.024211377777777987,0.00014195872967000223,-0.01276526015693236,0.0027243137841189784,0.020531435761022725,0.001218532840301948,0.013842162716828341,0.0014225127429029689,0.05354887434678454,0.005508003750894734,0.0012532015772427343,-0.013476960057199283,0.007062269988917819,0.01593545425350648,0.029412414310705765,0.8863735348802004,0.7007398069790339,0.7935566709296171,0.6211172197432756
G20,G20C4,0.8,0.5,0.9832766052940898,15.717,0.286220728888889,-0.07994294749947928,-0.1167575425609134,-0.089758743616177,1052.0,773.0,-279.0,0.01283674666666701,6.261009031716996e-05,-0.007698710162486903,0.0020577323738261606,0.010949492681616673,0.0004353637986625973,0.002237130929414788,0.0019766021175468313,0.05119990408633027,0.003100835588238817,-0.011681092723336896,-0.0052847883729516265,0.009081440695238974,0.0034017185241647097,0.008686506897116336,0.8869167290311261,0.7011692396611855,0.7940429843461558,0.6218787285375403
G22,G22C1,1.4,0.5,0.9806307704157315,11.066,0.28666912,-0.07827463903551993,-0.1164923541299443,-0.09205446897412586,954.0,703.0,-251.0,0.014084782222221981,6.81707241313782e-05,-0.009106839286881135,0.0021150258115300745,0.011966071911877305,0.00033570151325846735,0.0003169252226259567,0.0017171147112467317,0.051802985937875946,0.003951149724756374,-0.0043483267159662945,-0.0033546587101717096,0.008748917760620811,0.005708876167026866,0.009063534877198576,1.1717009339340922,0.7002252389109277,0.9359630864225099,0.8204545663961569
G22,G22C2,1.4,0.5,0.9776825744420494,7.023,0.287045653333333,-0.07961341462333901,-0.11652313228636489,-0.0911240660426463,1048.0,754.0,-294.0,0.019463395555554985,0.00010263031843600434,-0.011760437188928722,0.002098818080225367,0.01666497093636679,0.0005724716785698522,0.005964247593195482,0.0011710432757572155,0.056588124206415784,0.003926844517356139,-0.00162551922050773,-0.0008692162694466099,0.009671160988028116,0.011271298424881282,0.012140514694327892,1.1699382907738636,0.6991718581443512,0.9345550744591073,0.8179879286745885
G22,G22C3,1.4,0.5,0.9783486206740046,11.421,0.283185653333333,-0.07902942833647839,-0.1154805092443969,-0.0889922561363548,1098.0,732.0,-366.0,0.020478275555555037,0.00011256076814814189,-0.011566311522431686,0.002472626400993822,0.017575378961097378,0.0008610763619750312,0.00891222556280966,0.0011817096443143007,0.053451155457423204,0.005222548548590923,-0.0007106725164785779,-0.005239446770514938,0.01049747593106709,0.01042621977316216,0.015665666543677098,1.1703367331429047,0.6994099730036757,0.9348733530732902,0.818545182932689
G22,G22C4,1.4,0.5,0.9784995011826956,9.876,0.292086453333333,-0.07914471058812458,-0.1184734731642983,-0.09462774721301279,966.0,743.0,-223.0,0.014038524444443978,6.900828219534318e-05,-0.009560065216787376,0.002158990465855792,0.011898680774169543,0.00039766170568414485,-0.0010018500047022862,0.0018384383291530219,0.05434974600278501,0.003599564978846618,-0.004539949264094119,-0.0025407928236693966,0.009242672222042697,0.005391210153300741,0.007932002976970137,1.17042697408073,0.6994639022789867,0.9349454381798583,0.8186714186230939
G23,G23C1,1.6,0.5,0.9747746326253488,10.778,0.284943146666667,-0.0796177938821758,-0.1162005814808587,-0.089341238523613,1066.0,686.0,-380.0,0.02668177777777797,0.00016375450044644823,-0.014189663453198928,0.002874804618097118,0.02277066218283183,0.0014314692367078537,0.0154674824514755,0.001411591902330183,0.056040583510151405,0.005697839882112889,0.004470924170017788,-0.005439184852154139,0.008285554248045945,0.018113326828104348,0.023552511680258487,1.2488552406906728,0.6981313030603015,0.9734932718754872,0.8718649365170658
G23,G23C2,1.6,0.5,0.9792119664309784,11.9,0.280321955555556,-0.07800942505147432,-0.11529205394702269,-0.08735013022134931,1105.0,682.0,-423.0,0.027386488888889005,0.00018124432714838404,-0.013988083629595938,0.0032087525677275503,0.023442163826680018,0.002016315958099546,0.01803577620581804,0.0013604539344682347,0.057544448966266405,0.005720148125570361,0.0005378341029971594,-0.007197595419518532,0.006510415838387712,0.020446998957744073,0.027644594377262605,1.2516945099702106,0.6997185028391698,0.9757065064046901,0.875833808528364
G23,G23C3,1.6,0.5,0.9761179629102824,9.692,0.282664515555556,-0.07852376412021131,-0.11548898147667629,-0.08892035043956101,1065.0,684.0,-381.0,0.03272773333333401,0.0002262744431625698,-0.016892609109317745,0.0032529240084356184,0.02798874699122684,0.002274722508531819,0.022977821481218897,0.0013792716219427912,0.05732194330000794,0.005843027870195943,0.009083062755706877,-0.007144440336826097,0.007065840645100574,0.02498629496574792,0.032130735302574015,1.249715463878259,0.6986121824411176,0.9741638231596883,0.8730664476504042
G23,G23C4,1.6,0.5,0.9742369294344112,11.752,0.283575928888889,-0.07948285363934773,-0.11630883296530319,-0.0880898749306107,1190.0,700.0,-490.0,0.023903253333332986,0.000147444527241463,-0.012816897192676402,0.0028418504427436707,0.020575083176945053,0.0013423419879286507,0.013133707270378594,0.0011462706391179149,0.05665412825290185,0.005701369991527862,-0.0003064207177983178,-0.0040009047072716575,0.00842348004843832,0.01793122278780243,0.02193212749507409,1.248510747689045,0.6979387256179483,0.9732247366534966,0.8713840001624038
G25,G25C1,1.8,0.6,0.5239013793860616,12.788,0.285638186666667,-0.07908322557381439,-0.1168935536927949,-0.09003991095149701,1088.0,710.0,-378.0,0.016934666666667042,7.925905517087174e-05,-0.01020107820395536,0.002184269952140859,0.01461956295953192,0.000378388646779876,0.006016419539539846,0.002271169784550112,0.04606882021098231,0.004367364764634619,0.000495585017829427,0.0016981291035887136,0.012054595347632507,0.005791932114244641,0.0040938030106559276,0.9710934470456029,0.5606610630600604,0.7658772550528317,0.5444542843512461
G25,G25C2,1.8,0.6,0.499119248,14.425,0.284567466666667,-0.08099271355162832,-0.115620071856658,-0.0885708646096443,1076.0,859.0,-217.0,0.01215002666666698,4.1978123529788656e-05,-0.00839554235994565,0.0016573242782012578,0.010295254384448659,0.00015549179235328612,0.0007239914798927574,0.002815844516887224,0.040613521252977326,0.002271907988892706,-0.0008004995786963125,-0.002075604236094458,0.009278074559574578,0.003017668155620823,0.005093272391715281,0.94784737505571,0.5472399371390944,0.7475436560974023,0.5186999379429423
G25,G25C3,1.8,0.6,0.5215268587698124,16.526,0.284015324444444,-0.0785316711074252,-0.1153099546329874,-0.0903371447413335,971.0,662.0,-309.0,0.022393902222221984,0.00010716426838210774,-0.012877188988011908,0.0021137235969661675,0.019071385345332648,0.0009828533093850006,0.01128559295825873,0.0013355802965012767,0.04561761374628378,0.004210447507947932,0.008273661374774453,-0.003071863300626615,0.01046072005944293,0.012328621284006469,0.015400484584633084,0.9688902650897377,0.559389055364768,0.7641396602272529,0.5419866101406681
G25,G25C4,1.8,0.6,0.5126131092752438,30.075,0.282244266666667,-0.07988396456380631,-0.1150206365489368,-0.0876924161756591,1099.0,693.0,-406.0,0.022711608888889012,0.0001149971735045745,-0.012404339163514508,0.0021644613390300322,0.019590153911813693,0.0010550935104800807,0.014197866403551024,0.0011058560789828048,0.0458329784291952,0.004458115591907398,0.004286846535911458,-0.0027612326468777204,0.0108053561113714,0.012120085268856301,0.014881317915734021,0.9605746179737621,0.5545880142638735,0.7575813161188178,0.5327231699343477
G27,G27C1,0.6,2.4,0.5376602833421649,18.531,0.286678435555556,-0.08044443270768709,-0.11662859248753961,-0.09004940693419379,1028.0,751.0,-277.0,0.020985013333334024,0.0001017640131852208,-0.01316433530545521,0.0022404140117131925,0.01782864436094667,0.0006192392271393477,0.005988026633925014,0.0016919034039690468,0.05049748485938303,0.004597938483630157,0.008937588273158485,-0.001785825267782648,0.014753158498282626,0.006668986124340026,0.008454811392122674,0.5679755012368922,1.1359510024737844,0.8519632518553384,0.6451923400105979
G27,G27C2,0.6,2.4,0.6095884308401032,15.872,0.284682382222222,-0.07808868039004088,-0.1160340086509378,-0.0908241672584007,968.0,683.0,-285.0,0.02023274666666597,0.0001036212236978119,-0.012630660843300494,0.002454126202783578,0.017279766455629078,0.0005167759610301746,0.004718396004583694,0.0016886831432219513,0.05243542623943151,0.00543907001564477,0.0073763285052200625,-0.0026989845775306776,0.014430638752399777,0.005829738023745812,0.00852872260127649,0.6047752132024443,1.2095504264048886,0.9071628198036665,0.731506117008124
G27,G27C3,0.6,2.4,0.5819422042344965,12.36,0.285323786666667,-0.0799423800599185,-0.11639239987806281,-0.089292816038832,1085.0,719.0,-366.0,0.025158488888888997,0.0001429270642667631,-0.014672527049995977,0.0025624158899914436,0.02150474268209578,0.0007408433720853618,0.011339681731827615,0.0016496974015519587,0.055593916384080865,0.0055571437492057,0.007868717341769027,0.00514167809547611,0.016057018654730193,0.009639887949635412,0.004498209854159302,0.5909021260248587,1.1818042520497174,0.886353189037288,0.698330645081396
G27,G27C4,0.6,2.4,0.584631721,13.481,0.283525973333333,-0.07878757104837891,-0.11548963414484201,-0.0895016465389107,1015.0,722.0,-293.0,0.016297137777777027,7.837487692117759e-05,-0.011034802312861825,0.002312009570472641,0.013873088269707746,0.00019923111248869996,0.0005146310443788194,0.0027048323429463205,0.0502523589888048,0.0043640066971273265,0.004274017783866512,-0.00036008388371266964,0.01554111896431859,0.0015333007240029284,0.001893384607715598,0.5922660150641771,1.1845320301283542,0.8883990225962657,0.7015580652000001
G28,G28C1,2.4,1.6,0.8124568572556724,8.125,0.282344373333333,-0.07843475348469028,-0.115258324054276,-0.0889168950563153,1047.0,607.0,-440.0,0.047960835555555,0.00042441236225538816,-0.02620965679465965,0.0040284182640623134,0.040928449795521155,0.0031964620117067117,0.03229776821245279,0.001334270596240145,0.07629263790393703,0.0067201117134975145,0.023313969042876397,-0.003502255160661605,0.01428142804080279,0.03564531695316389,0.039147572113825496,1.3963869296916287,1.1401451537453797,1.2682660417185043,1.5920837906413008
G28,G28C2,2.4,1.6,0.8178859869785697,10.748,0.285554595555556,-0.07919699988827661,-0.1164702733867227,-0.0901534570628913,1095.0,763.0,-332.0,0.03888279111111201,0.0002827589481218793,-0.023386644137570693,0.0030671196126732156,0.03322582828380462,0.0014920748240702193,0.01776203495893345,0.0012249507394081083,0.07324033799047416,0.0059232264057731306,0.02449531753869504,0.001186108675222064,0.016130338813893086,0.024317269372969352,0.02313116069774729,1.401044741879633,1.1439482414714888,1.272496491675561,1.602722668696082
G28,G28C3,2.4,1.6,0.7930123346093128,10.799,0.283882702222222,-0.07968617328270189,-0.116527578251884,-0.0880382370999438,1157.0,709.0,-448.0,0.042207235555555,0.0003448518435621579,-0.023189129739866025,0.0038731351478875626,0.0360089951178051,0.002588940028048297,0.026201853033398198,0.0009578295361749288,0.0738116861131894,0.0074510703855301084,0.018251670718941456,-0.004378491018539932,0.014339086917122879,0.029263546592621592,0.033642037611161524,1.3795758779648009,1.1264189874886257,1.2529974327267133,1.5539804636208427
G28,G28C4,2.4,1.6,0.8160914508846767,6.462,0.282873297777778,-0.07747394953661699,-0.11498221306885839,-0.09057360566440778,949.0,711.0,-238.0,0.04864750222222197,0.0003975969159086755,-0.027893160394721794,0.0032425515964031215,0.04137306378326589,0.0026268430810435957,0.029362904173971114,0.0013936190502746024,0.0744666599695656,0.004906992924028031,0.03276790910879885,-0.0026752362321005863,0.015594523434234037,0.0341931898526916,0.03686842608479218,1.3995068710525234,1.1426925751992454,1.2710997231258845,1.599206110492046
G35,G35C1,1.825,0.5,0.9539732537282116,14.688,0.2859484722222222,-0.0791506390037631,-0.11735659600359899,-0.08961077521528016,1022.0,735.0,-287.0,0.02390158333333331,0.0001348908951476993,-0.013716270394748572,0.0026353652308835625,0.02039318372264469,0.0016935965012322646,0.011112829003960037,0.0014517528424162483,0.05435732715435116,0.004169880707423222,0.005338289221568097,-0.006236218431334928,0.006550837533192577,0.018947402212028702,0.02518362064336363,1.319470040604934,0.6906421843937032,1.0050561124993185,0.9112816710854399
G35,G35C2,1.825,0.5,0.975687741,7.647,0.2795222222222222,-0.07640633967492483,-0.11530090679331728,-0.08803166045856706,1019.0,696.0,-323.0,0.028272305555555544,0.00017580491334866032,-0.01569957856497959,0.0026691828079415435,0.0242340261008577,0.0015278431164073218,0.015123853725880638,0.0009597315446307424,0.05799996372146462,0.005145464355745189,0.00904441590102639,-0.004764493882960713,0.009434183286628983,0.021014454730839294,0.025778948613800007,1.334402535715891,0.6984582095587395,1.0164303726373154,0.9320244059267632
G35,G35C3,1.825,0.5,0.9887134231578536,10.851,0.2831652777777778,-0.07721642244498023,-0.1162898371971475,-0.0898755175625528,1041.0,671.0,-370.0,0.03028194444444443,0.00020508393525069097,-0.015839196673088723,0.003523219456759236,0.02581593324312769,0.002520008814024104,0.01952176964652127,0.001328921714859588,0.055883091171812525,0.00646923865515264,0.00871230453579063,-0.007575669297162496,0.00699414095108869,0.02440213177501549,0.031977801072177986,1.3432803122442771,0.7031050501731066,1.023192681208692,0.9444671713370588
G35,G35C4,1.825,0.5,0.962507290261532,9.503,0.2858646111111111,-0.0791987074028673,-0.1176810404465192,-0.08918619506717249,1055.0,665.0,-390.0,0.030430472222222227,0.00021101144826577868,-0.01599692812609002,0.003648755415585931,0.0260788984284749,0.00288761990761819,0.020047752758445427,0.0013804262821322708,0.05840589038285434,0.005958004784034542,0.006237153697028461,-0.007365438151562292,0.005282727151467298,0.027093948662853695,0.03445938681441599,1.32535874567126,0.6937244734984964,1.0095416095848782,0.9194337980374225
G36,G36C2,2.075,0.5,0.9750892851210043,12.423,0.2800874166666667,-0.07660032031807892,-0.1149481866413855,-0.0888167249512308,958.0,681.0,-277.0,0.030659805555555586,0.00019421200366097395,-0.01709478902979971,0.002865667370302459,0.026040673323426126,0.002214495118766411,0.017322290271505936,0.0012988780336991137,0.05693835627585423,0.004488393087108939,0.012989943346633179,-0.006278725025037402,0.008597376251557626,0.024064657431049297,0.030343382456086698,1.4224311113815262,0.6982439706581807,1.0603375410198534,0.9932039471987657
G36,G36C3,2.075,0.5,0.9734954096113017,12.424,0.2834787777777778,-0.07882473675332619,-0.11648599060574048,-0.088667441397101,1047.0,660.0,-387.0,0.03436336111111113,0.000245962322408125,-0.018196980969449446,0.003851992511530746,0.029329619231737093,0.0034575725648840648,0.023537519894286242,0.001471986804162273,0.05619282834068332,0.00604658992256639,0.01449731205374917,-0.006243155061244204,0.006624275403955909,0.029905467562956978,0.03614862262420118,1.421268086936258,0.6976730644117277,1.0594705756739928,0.991580461563413
G36,G36C4,2.075,0.5,0.95689104130561,5.828,0.28332780555555553,-0.077595684070451,-0.11632771125215319,-0.0899008560920489,1052.0,651.0,-401.0,0.052713472222222224,0.0004941550001791989,-0.027765342476922257,0.0045266245453888295,0.045059030329451785,0.00485891785059505,0.04134206581253977,0.0021603600997218944,0.07220303265408816,0.0051675193574654025,0.025939869242932838,-0.005509940552290815,0.007221966719527906,0.0460434513613015,0.05155339191359232,1.409095068016754,0.6916975644404172,1.0503963162285856,0.9746676266121928
G38,G38C1,1.875,0.5,0.9606590336454282,8.602,0.28008180555555556,-0.0761786120332035,-0.11556175773853511,-0.08840072572580569,1082.0,668.0,-414.0,0.04137075000000001,0.000328675593422187,-0.02183271809434468,0.003600209380795664,0.03501568073244239,0.0032275753192329065,0.029674963664197345,0.0016825794333692628,0.06675834240256151,0.0048440693394331494,0.014520364192490944,-0.007579089417640489,0.0059318654774903334,0.03657221849784528,0.04415130791548577,1.3421012212516528,0.6930580905109717,1.0175796558813122,0.9301541096731136
G38,G38C2,1.875,0.5,0.9696601767745208,8.633,0.2859575,-0.07745978106906909,-0.1182510265035574,-0.090181719676921,1087.0,741.0,-346.0,0.022810666666666646,0.0001387152106935828,-0.01303456127136076,0.003943322890112139,0.019063886708242078,0.0018529631132883665,0.00849862609124009,0.0022621035517636327,0.05769623251281841,0.007782169403304878,0.0017447285793212757,-0.006732460937013712,0.0044241616768727066,0.018604943614033503,0.025337404551047216,1.3483741437198455,0.6962974137444864,1.0223357787321659,0.9388694290320648
G38,G38C3,1.875,0.5,0.9666768730564004,13.129,0.28449861111111113,-0.08428922557761293,-0.11653194653690879,-0.08482488515698841,1366.0,920.0,-446.0,0.012701388888888943,7.287168067236607e-05,-0.006674844061170655,0.003027017023187092,0.0112327988312557,0.0006022879905253618,0.005242796510117971,0.0022319814825224496,0.054711914700680306,0.005719636574407107,-0.020119456231566232,-0.0035362661905042336,0.008628263632870697,0.005777154396626405,0.009313420587130639,1.3462983090610903,0.6952254573361079,1.020761883198599,0.9359808576278251
G38,G38C4,1.875,0.5,0.9361115733625694,12.134,0.28376944444444446,-0.07843706971672257,-0.11621395721392852,-0.08946720142503879,1073.0,672.0,-401.0,0.02859305555555558,0.0001861942593272087,-0.015050671067028518,0.0033951590012562564,0.024418903919757953,0.0025708420022730978,0.01773815205815487,0.0012088830907386505,0.05456660008448509,0.00598712001759933,0.008020909560568714,-0.007664403147042392,0.006102067044449322,0.023660026460068095,0.03132442960711049,1.3248430850688762,0.6841460273079752,1.0044945561884258,0.9063861334563135
G41,G41C1,2.075,1.775,0.6723239317368727,16.706,0.2837875,-0.07923368666893688,-0.11673677849363491,-0.0882545175848123,1123.0,691.0,-432.0,0.02924583333333336,0.00019399286724960067,-0.01639352281508803,0.0030556186547866103,0.025087882172643964,0.0016133236199285127,0.01566575350702102,0.001171834706866861,0.06150352628733043,0.006032316651510754,0.00781649218451869,-0.001305202241332598,0.010721179549444904,0.02081487754203279,0.022120079783365387,1.1811317277738376,1.0924170352172968,1.136774381495567,1.290288420255779
G41,G41C2,2.075,1.775,0.6669759781331301,12.781,0.282599,-0.07888384689492983,-0.11579034704128209,-0.08847737797589911,1095.0,637.0,-458.0,0.03552233333333332,0.000253890758150429,-0.019785328340323562,0.003165763711415361,0.030564034289214122,0.0020297998275303226,0.02105722861059898,0.0006579248835392344,0.0645061966913399,0.006409642107456221,0.01594155978846723,-0.00510546034022058,0.012809076623605503,0.024483391478708816,0.029588851818929396,1.1764247339401892,1.0880635832460832,1.1322441585931362,1.2800249114302824
G41,G41C3,2.075,1.775,0.6719933129659049,14.574,0.28413194444444445,-0.07943873840708221,-0.1167997283793406,-0.0883319250758009,1136.0,678.0,-458.0,0.03139027777777775,0.00022025447244685908,-0.017076889841303712,0.003465205634744758,0.02695905987531957,0.0019654573367506004,0.018754995311059834,0.0011177633514833612,0.061556493495609405,0.007173275926177031,0.009091285274871354,-0.0035784252337677513,0.010700856671277209,0.022549458786938537,0.026127884020706288,1.1808412782437159,1.09214840132396,1.136494839783838,1.2896539142512158
G41,G41C4,2.075,1.775,0.6693366850915363,13.267,0.2834333333333333,-0.079464663710056,-0.11627704388041779,-0.0882429468485323,1132.0,675.0,-457.0,0.030690277777777775,0.00020667719149862116,-0.017101618653520036,0.003132943804399255,0.026422723522754144,0.001496906471467165,0.017241300972130207,0.0009706155862242618,0.060719265755971835,0.006983146649106516,0.010760873013204183,-0.0006388098499292838,0.013338448451412022,0.01954985951240998,0.020188669362339262,1.1785048245828007,1.08998743847692,1.1342461315298604,1.2845554549796987
G52,G52C1,1.425,0.875,0.830424891,16.991,0.2835958333333334,-0.07871776211154993,-0.1171157371066883,-0.088247635621199,1195.0,725.0,-470.0,0.016166666666666718,9.641757721195986e-05,-0.009053768538676447,0.0030006520238938903,0.013968845014325125,0.0007314839444121705,0.004701353880393293,0.002171135094339997,0.05672485417379005,0.005800347781867829,-0.00998701920259532,-0.005756019818265595,0.010775384139773803,0.006447794326716799,0.012203814144982394,1.0878214328073337,0.8524211280963184,0.970121280451826,0.9272819729209808
G52,G52C2,1.425,0.875,0.8506413410499365,13.911,0.2832324722222222,-0.07855583705519487,-0.1169058817954227,-0.0882636427740489,1143.0,730.0,-413.0,0.01646008333333332,9.53304681556545e-05,-0.009486046267197146,0.002915295823942431,0.014205676925788445,0.0006635492441769057,0.004410122547501261,0.0020522529758085044,0.05664349494112583,0.0057804356638584365,-0.008402229990206098,-0.003829746124137584,0.011019956048641227,0.007336940948473009,0.011166687072610593,1.1009831565451669,0.8627347062792214,0.9818589314121942,0.9498563801803647
G52,G52C3,1.425,0.875,0.8404307405217342,14.606,0.2849098611111111,-0.07825884511293271,-0.11704702281070149,-0.089873610377009,1015.0,670.0,-345.0,0.021802333333333368,0.00012786414807749633,-0.012418292512877538,0.002825246568780673,0.018694747464275355,0.0009286710464073926,0.008679810445364556,0.0011761107252383804,0.058234199388629636,0.006136811374514077,-0.0005657402641264859,-0.004868486064984773,0.012061714546745483,0.01093005127489674,0.015798537339881513,1.0943554291195667,0.8575411931543098,0.9759483111369383,0.9384548604220899
G52,G52C4,1.425,0.875,0.8203944352640159,17.026,0.28250516666666664,-0.0774899288387951,-0.1163355816977617,-0.0891399490260964,1151.0,675.0,-476.0,0.022670722222222217,0.00014120614834856298,-0.012371307840128734,0.0029927386968377346,0.019494250388872373,0.0010988189006095918,0.010639345821316813,0.0007439780491397623,0.0565872086779048,0.007131202803643588,0.0003421377277824718,-0.0021152327532664994,0.011809248186979399,0.013436047928095607,0.015551280681362106,1.0812317375341989,0.8472574171147833,0.9642445773244911,0.9160816092457547
G53,G53C1,2.025,0.825,0.9053216647474656,3.724,0.2839723333333333,-0.0786862344639839,-0.11659473702379859,-0.0891951187439814,1100.0,958.0,-142.0,0.07957524999999999,0.000947009436299803,-0.04487565872044797,0.0059932901588884415,0.06737961870146374,0.006773353923689678,0.06143341176219712,0.002848510386288171,0.09766493460562899,0.006366046277409855,0.049661743360091895,0.009862490317389477,0.010914633058071804,0.06759412431268078,0.0577316339952913,1.353985365915606,0.8642281952219906,1.1091067805687982,1.1701523291422307
G53,G53C2,2.025,0.825,0.9086400593447634,4.426,0.2830166388888889,-0.08012408551402342,-0.11646698580166169,-0.0868555388088767,1203.0,824.0,-379.0,0.0640736111111111,0.0006776101829813043,-0.0350692255288714,0.004492438809526487,0.05442282880078206,0.00512189568366581,0.04941107285771675,0.001995943862027906,0.08685986814427538,0.004234397603163618,0.03263941661187201,-0.0021408419697637737,0.01119729438688341,0.053567862462090415,0.05570870443185419,1.3564645665011474,0.8658106311194324,1.1111375988102898,1.1744414424135057
G53,G53C3,2.025,0.825,0.9077450872146516,4.047,0.28680833333333333,-0.08010917974531861,-0.1182192808265542,-0.0888745284033948,1196.0,887.0,-309.0,0.06963611111111112,0.0007878782008322185,-0.03789292958028713,0.005191618111411516,0.05912756878137087,0.005837850394605475,0.055670892251562326,0.0025917928757596036,0.0906139544763365,0.005003074052554873,0.035222656717484514,0.006460047676896896,0.006826702100149795,0.062270486782665196,0.0558104391057683,1.3557963717349555,0.8653841325978237,1.1105902521663895,1.173284667133131
G53,G53C4,2.025,0.825,0.939955923,10.685,0.2835958333333334,-0.07981886970158714,-0.11713967901958199,-0.0870694194857063,1186.0,759.0,-427.0,0.030370833333333402,0.00021924992323503443,-0.016007885110885155,0.0036261035818762792,0.025973983191408253,0.002303095030738419,0.019506336758563805,0.0013102531440910244,0.06276185451164032,0.00662137621397936,0.002500474594548287,-0.005874067028067337,0.007314942343923186,0.025186506578908585,0.031060573606975922,1.3796415273812976,0.8806041315341417,1.1301228294577197,1.2149180290480444
G55,G55C1,1.025,2.475,0.6159597388083361,13.114,0.2830020555555556,-0.07942152550140569,-0.11674836689310349,-0.08747215282066391,1151.0,725.0,-426.0,0.019708833333333398,0.00011320025948062304,-0.01167607629277662,0.0030744517632604546,0.017093424528630836,0.0005693474879291526,0.006386979211862489,0.001973866930252394,0.056787224249256335,0.007039069845674769,-0.0010992095482723308,0.0003906912636276183,0.015027366742587894,0.005868351627121821,0.005477660363494202,0.7945808532040929,1.2347065860157351,1.014643719609914,0.9810742125730956
G55,G55C2,1.025,2.475,0.6077655056319489,12.436,0.2803573611111111,-0.0787320862989288,-0.11582431740330261,-0.0863398752878863,1160.0,710.0,-450.0,0.020951916666666626,0.0001225008791744516,-0.012151890963940407,0.003060308723937285,0.018103225736912476,0.0006944948940748972,0.007767520321708944,0.0017140835372707638,0.05685796165279602,0.007088272869039147,0.00010577923736128269,-0.0010186223460896815,0.0157415683323594,0.006106927681133412,0.007125550027223093,0.7892779252410063,1.2264663168791363,1.0078721210600712,0.9680227899643432
G55,G55C3,1.025,2.475,0.6238448162284889,12.158,0.27948655555555557,-0.07682114926502909,-0.1166968553139276,-0.0860809630333976,1021.0,698.0,-323.0,0.028402694444444487,0.0001924115646945084,-0.015497426500840392,0.002925808523608483,0.02409133611525744,0.0008978562626887637,0.014908275788384813,0.001159026514385888,0.06735818100563516,0.006109597220076207,-0.0005290578819722036,-0.027587116760022706,0.01209864456631779,0.015342193990361408,0.042929310750384114,0.7996505090564259,1.2425843714474725,1.0211174402519492,0.9936332251735304
G55,G55C4,1.025,2.475,0.6098680618833465,12.205,0.2835083333333333,-0.0803327042998124,-0.1167651047705488,-0.0871097492472767,1156.0,736.0,-420.0,0.021830638888888865,0.0001233142411066447,-0.012777678329294818,0.0028152487503776435,0.01905379404239072,0.0004621449208231328,0.008158349399283494,0.0018680685501800637,0.05772840472540101,0.006446057510205689,0.002281887987389723,-0.0001535983287227205,0.016025636554052425,0.005609992962464672,0.005763591291187392,0.7906419944769124,1.2285859567654527,1.0096139756211826,0.9713716512433632
G30,G30C1,0.8,0.8,0.7980620587345351,10.242,0.281485884444444,-0.0791284207626943,-0.11523577190010799,-0.0875271864538411,1054.0,757.0,-297.0,0.01625164444444399,7.904971986497547e-05,-0.009561568793255594,0.001866230017961005,0.013892354350157201,0.00045570336679016764,0.004689054241050799,0.0012363551721326198,0.053033644038941063,0.003187465609975707,-0.006716685932685749,0.003422737880608817,0.010433177079630984,0.005953471115565739,0.0025307332349569223,0.799030441840377,0.799030441840377,0.799030441840377,0.6384496469876281
G30,G30C2,0.8,0.8,0.7510626951748108,14.338,0.28468496,-0.0838240390399973,-0.1164641016682071,-0.085109043588086,1150.0,873.0,-277.0,0.01669589333333299,8.193893364848806e-05,-0.009792472811094296,0.002220838578570111,0.014428142318994515,0.00044993418148747596,0.005115744742222064,0.0022714695343526233,0.056630461526533636,0.0032047068033728,-0.00900540668792794,-0.003797142154448624,0.0108153509649766,0.00556351180632339,0.009360653960772014,0.7751452484146752,0.7751452484146752,0.7751452484146752,0.6008501561398486
G30,G30C3,0.8,0.8,0.7506536495940741,18.538,0.283053457777778,-0.0826641625392047,-0.11566460004623369,-0.085566328364461,1198.0,916.0,-282.0,0.013871164444445028,6.28374699344529e-05,-0.009119249836728486,0.002030190006773586,0.011847169248158696,0.0002721320353435423,1.756926189105634e-05,0.0023140030668457588,0.05340355079027955,0.0029343253607314306,-0.0059386508283454376,-0.0031612359244840016,0.011712279239679602,0.0030335432164390885,0.00619477914092309,0.7749341389274699,0.7749341389274699,0.7749341389274699,0.6005229196752592
G30,G30C4,0.8,0.8,0.8039111291444709,10.11,0.281902791111111,-0.0786564702319674,-0.1165045065559074,-0.08695803426605919,1098.0,770.0,-328.0,0.017684728888889,9.969188478057056e-05,-0.009199464832869876,0.0027128219167736785,0.014908954412959769,0.0007019544050311708,0.008326025491138565,0.0023606681681226068,0.057194671207438985,0.0043827162528377395,-0.01396391371452738,-0.012374377938102837,0.008815801418230296,0.007607015578224491,0.019981393516327328,0.801953180251551,0.801953180251551,0.801953180251551,0.6431289033155767
G31,G31C1,1.2,1.0,0.6047683962814651,14.666,0.283332622222222,-0.0777478977630128,-0.11616268674779809,-0.0898201255466887,995.0,823.0,-172.0,0.020623342222222008,9.556103184996848e-05,-0.012931326826580552,0.0019650425251329234,0.017430039815142878,0.0004008304926243223,0.005398116721593434,0.0019156017094997077,0.05285047723359932,0.0034704360283209245,0.006218175052291315,-0.0021882883512447104,0.011274468023018819,0.007904650007480502,0.010092938358725212,0.8518932301279064,0.7776685645449899,0.8147808973364481,0.6624905854191637
G31,G31C2,1.2,1.0,0.6146787584854658,10.727,0.285080906666667,-0.0780369738912284,-0.1159689464123512,-0.091347619914391,959.0,690.0,-269.0,0.016839288888889026,7.786692507531555e-05,-0.010934605696104051,0.0021389250886706115,0.014459958493842705,0.0003853441785732309,0.002564024912446191,0.00199286959528001,0.04935392853015055,0.004161365289929277,0.0034061024232512446,0.0017630640415073895,0.013928049084541039,0.003490277844186984,0.0017272138026795947,0.8588448696840185,0.7840145142058697,0.8214296919449441,0.6733468432835192
G31,G31C3,1.2,1.0,0.6154723924474819,11.886,0.282173671111111,-0.07688960234257342,-0.1148658689327277,-0.0907411447113878,966.0,695.0,-271.0,0.02066755555555505,9.76939748470867e-05,-0.013003713133304288,0.002139225264921717,0.017730658612529905,0.0006031733495244683,0.005511140184304125,0.0013127032489845282,0.050438140579195,0.004595089833933369,0.009535992101077539,-0.0007707005010272883,0.016105586446470282,0.005082162125535222,0.0058528626265625106,0.859399133660826,0.7845204856773862,0.8219598096691061,0.6742162257303161
G31,G31C4,1.2,1.0,0.6222480006908864,10.035,0.283873617777778,-0.07743508627156731,-0.1154825310074729,-0.09122213985821469,958.0,694.0,-264.0,0.01653747555555596,7.618657114340424e-05,-0.010810001344236406,0.002205590854647109,0.014088934833685403,0.00025508539736157637,0.0016410336532109544,0.0022395727199117864,0.04937162806617733,0.004403236566040313,0.0037611044493808983,-9.508284503892406e-05,0.013549543582742185,0.0031099936979102905,0.0032050765429492145,0.8641166592706471,0.7888269776642317,0.8264718184674393,0.6816385326817772
G45,G45C1,1.125,1.725,0.8001040463260922,8.58,0.281208071111111,-0.07765308731452,-0.1149255818971989,-0.0889702194016892,1028.0,734.0,-294.0,0.024878879999999992,0.00013975934715741663,-0.015475664759231119,0.0022810754726616486,0.021281184598203745,0.0008182201455480128,0.007591251938532584,0.0009589923019452124,0.06321397541134413,0.004186385333708386,0.006893563956706668,-0.00048744416702620197,0.019123822722290795,0.007359706316417913,0.007847150483444115,0.9487449879271319,1.1748104016872294,1.0617776948071806,1.1145954803654194
G45,G45C2,1.125,1.725,0.8110318718271279,7.342,0.284418097777778,-0.0779612115608854,-0.11601844657979518,-0.09079105387228001,1005.0,712.0,-293.0,0.026634026666666977,0.000159925715606208,-0.016087643853866324,0.0027044373968317143,0.022828548680340316,0.0007929012193751088,0.009124689767455226,0.0009870775938372013,0.06305180821633029,0.00609538580964972,0.010243056694568618,0.006012184749901783,0.016482812962488713,0.010809638474403471,0.004797453724501688,0.9552019973835475,1.1828059768625603,1.069003987123054,1.1298186316163157
G45,G45C3,1.125,1.725,0.8004840473261173,8.175,0.283375413333333,-0.0783185071038782,-0.11619982193897029,-0.0893218550922273,1044.0,790.0,-254.0,0.016670382222222002,8.876085300191086e-05,-0.011146788749816271,0.002571787998940014,0.014339347775847971,0.00029837563650179027,-0.0004259157648877392,0.0018753184513108055,0.059190294060069475,0.005131500023243102,-0.0008422363182937929,-0.0009139887681600678,0.01407719726647938,0.0029934936875019302,0.003907482455661998,0.9489702594085243,1.1750893504910818,1.0620298049498031,1.1151248457637162
G45,G45C4,1.125,1.725,0.7986930746227221,9.65,0.284168906666667,-0.07864054772908888,-0.1162400956266408,-0.0896532147843347,1030.0,764.0,-266.0,0.023545955555555997,0.00013791027819631368,-0.013812217788931125,0.0026626059881560225,0.02011937604356142,0.0007759634995879246,0.008306193880359346,0.0011200360680783381,0.06264742475955676,0.005542106309526849,0.0014303995601589747,-0.0008657166361544788,0.014919734568613008,0.008254242738842787,0.009119959374997266,0.9479080698836582,1.1737740641725714,1.0608410670281148,1.1126299076493191
G47,G47C1,2.325,1.925,0.4770839123052751,9.396,0.278143075555556,-0.0753214573661515,-0.11429678588570269,-0.088816774317989,953.0,671.0,-282.0,0.03411523555555601,0.0002218228683898679,-0.018954087258093135,0.0025033606959530435,0.029114156373282376,0.0013179636918808735,0.021174366401874995,0.001000611016904457,0.05793786761012031,0.005276644912203146,0.01649222921394065,-0.002402510207978964,0.011783469215654124,0.02325455916536462,0.025657069373343583,1.0531951842416318,0.9583248568140422,1.005760020527837,1.0093031241356007
G47,G47C2,2.325,1.925,0.4783260756843207,15.477,0.283952782222222,-0.07853128284391808,-0.1157540035187071,-0.0899722314275922,997.0,660.0,-337.0,0.02561806222222196,0.0001416911061582179,-0.01508774728353347,0.002354237536525571,0.021972357165540312,0.0008764241525185607,0.011923365225995863,0.001069851538157863,0.05266256680342094,0.005341514211726624,0.011567662481965094,0.0018021079010050733,0.012968488543975226,0.014260964202061271,0.012458856301056198,1.054565373016792,0.9595716209290046,1.0070684969728982,1.0119310043613237
G47,G47C3,2.325,1.925,0.4849508853607815,12.244,0.286001173333333,-0.07839621854268183,-0.1164655697988314,-0.09141781559224339,989.0,705.0,-284.0,0.02058496000000004,0.00010036752971501619,-0.012912679432799232,0.0021262278556054568,0.017669081326676054,0.0006242981380959416,0.00633913568262156,0.0013298390705682687,0.04885270715594916,0.004619802729890481,0.009236765930960178,0.004843551128390272,0.013537419371721815,0.008338580771914378,0.0034950296435241057,1.0618431185744046,0.9661937974958774,1.014018458035141,1.0259462350802693
G47,G47C4,2.325,1.925,0.4906390547251361,10.114,0.283388284444444,-0.07657714477389968,-0.11650121044688891,-0.0906179865898092,971.0,664.0,-307.0,0.02373061333333304,0.00013254538940683815,-0.013769855526585233,0.0024423274472697197,0.02042914842752867,0.0008427168266683946,0.010776513611332842,0.0011199967220038988,0.05281610402088334,0.0055599780311907255,0.007522954639861563,0.003934135100266217,0.012004927638049778,0.011897135702898604,0.007963000602632386,1.0680523405882043,0.9718437016032399,1.0199480210957221,1.0379799401832448
G48,G48C1,2.375,2.225,0.5845145070928216,9.804,0.283717155555556,-0.07823433903025462,-0.1160746525884436,-0.0897187044765585,1035.0,743.0,-292.0,0.032150062222223,0.0002056472424946734,-0.019182885573564578,0.0027761903260300883,0.0274870481956019,0.0012327532378698586,0.014878739198131588,0.0011745790999947922,0.06339185356282191,0.0057487516584085315,0.017017002964792936,-0.018043899027312182,0.016423828568178284,0.01733581734871381,0.035379716376025994,1.1782283116380505,1.1404143011561756,1.159321306397113,1.3436684166191282
G48,G48C2,2.375,2.225,0.5715851675310871,8.654,0.283483306666667,-0.07883316788317213,-0.1155719357436716,-0.0894273853550952,988.0,782.0,-206.0,0.025344977777778,0.00012404421086169995,-0.016561098938975796,0.0018720018657715273,0.021535265977632154,0.0007965189475080585,0.006834131508551069,0.0010076363552208917,0.055510534158539564,0.0032757312691231435,0.017061574985343754,0.006611647487829497,0.016757025360694705,0.011168501942381392,0.004556854454551895,1.1651243594081842,1.1277309066247447,1.1464276330164644,1.3139467501659665
G48,G48C3,2.375,2.225,0.6107923012849098,12.004,0.283817173333333,-0.07748092781915039,-0.1157798742934872,-0.0908263260963037,985.0,689.0,-296.0,0.025587573333333002,0.00014232043523147375,-0.01620352485618064,0.002498822697376364,0.021837915119334042,0.0007053217458434071,0.007217527207072481,0.001285854407502884,0.05859050686229632,0.005460185099584106,0.014455070259849104,0.005403458957145529,0.017420082892365407,0.009486940239905817,0.004083481282760287,1.204421734921643,1.165767073801162,1.1850944043614025,1.4040752015421227
G48,G48C4,2.375,2.225,0.5760927382267221,8.196,0.279141368888889,-0.07680308992390159,-0.1145475772004422,-0.0880855542460139,980.0,720.0,-260.0,0.03602190222222201,0.0002468934740624023,-0.02056467641832775,0.0029784217801541073,0.03061042295992626,0.0015066086254923196,0.01995929868308661,0.0010604761666108144,0.06417275486527815,0.006357440792156619,0.01866842790862311,-0.006664757332656784,0.012697660657690929,0.02434383283424929,0.031008590166906075,1.169709473881641,1.132168866624788,1.1509391702532143,1.3243086493248544
G51,G51C1,2.275,1.875,0.5583377847510036,11.288,0.283621671111111,-0.0775937190128628,-0.1162875784253605,-0.09008478446585859,1022.0,825.0,-197.0,0.03014824888888895,0.0001568732193584455,-0.01955967903289909,0.0019623181253161743,0.025478007014756457,0.0008767832995607338,0.009832049070332282,0.0012197584675621934,0.05973661990823981,0.0032069610290323364,0.022709043021348983,-0.016604360860700912,0.015438750383583999,0.016570042050099487,0.0331744029108004,1.1270396888790266,1.023173175180102,1.0751064320295645,1.153156777024348
G51,G51C2,2.275,1.875,0.4929418854996856,13.211,0.28295344,-0.08137973381188462,-0.1152968818685593,-0.08689158092441329,1084.0,818.0,-266.0,0.023027359999999997,0.00010588710737683321,-0.014235277824592467,0.0017615758090536403,0.019586821890450874,0.000904101464967602,0.008843673112251135,0.0008444024758707571,0.04994580579461024,0.00315982922865653,0.010816136061048495,-0.023956232745068196,0.015224300388654577,0.008548653072799312,0.03250488581786751,1.0589819590114766,0.9613875572899363,1.0101847581507064,1.0180920787881549
G51,G51C3,2.275,1.875,0.560898426,10.717,0.284716462222222,-0.0790798835309276,-0.11614029314368039,-0.0898463203349241,996.0,729.0,-267.0,0.02341898666666603,0.0001221140504802617,-0.014881187444772447,0.002220387299306776,0.020076232428181417,0.000590358186505359,0.006632209203158239,0.001311121295862374,0.055319291241627724,0.004713240513944861,0.011843590661361343,0.005424139502233,0.016328732476175917,0.00850093726493259,0.00307679776269959,1.1296211396525828,1.0255167228036801,1.0775689312281314,1.158445369146275
G51,G51C4,2.275,1.875,0.5335143042470579,11.985,0.282242204444444,-0.07953128931604009,-0.11502575075369129,-0.0881664555720508,1035.0,760.0,-275.0,0.021091431111111003,0.00010180156917522458,-0.013493365234400506,0.0021572919080983426,0.01810271693361661,0.0005307207138149823,0.005401211213628725,0.0015254922634265126,0.05110519145418182,0.004567739894327682,0.010598504069323595,-0.0009923532333669105,0.015023377555278106,0.0069760633330537836,0.007968416566420694,1.101700976745531,1.000169645841761,1.050935311293646,1.1018878757351
G60,G60C1,0.675,1.325,0.8486202199645804,12.952,0.283652942222222,-0.07773583331304076,-0.11643524188712902,-0.0897306998927355,1037.0,699.0,-338.0,0.017105119999999974,9.461738192071395e-05,-0.010177885109603312,0.0025146898518725704,0.014494383953323272,0.0005727723558246942,0.0035344429408337695,0.0013320887091051302,0.0568871909748812,0.005130040669742183,-0.005798028865458104,-0.003761120705890214,0.010484473777793824,0.007487220508940878,0.011248341214831092,0.7568478370690451,1.0603875666250848,0.9086177018470649,0.8025520362551034
G60,G60C2,0.675,1.325,0.8173702572364099,11.331,0.282105564444444,-0.0781446786895468,-0.11603664075691741,-0.08840331222357069,1037.0,860.0,-177.0,0.019052764444444037,8.859574933341844e-05,-0.012999286734342015,0.0016940784843836984,0.016185643179545052,0.00040594622581389945,0.0006398290226419854,0.001207702366925866,0.05918368927753805,0.002283197749831888,0.004407985703729776,-0.027647245910037532,0.01380364065077741,0.006078634600717364,0.033725880510754896,0.7427818816009023,1.0406803499818007,0.8917311157913514,0.7729985085045674
G60,G60C3,0.675,1.325,0.8506361144158254,8.524,0.280392604444444,-0.07680507053683971,-0.11488803453461599,-0.08897961472110881,981.0,722.0,-259.0,0.021610417777777002,0.000123259996133,-0.011753825591168192,0.0024844992902038035,0.018555047898607478,0.000736632886126433,0.010130212347555251,0.0011662135679163992,0.05754840728631431,0.005162696822005426,-0.0033370835984358393,-0.0034057628162880993,0.00864370716534782,0.011577675202555093,0.014983438018843193,0.7577462485757895,1.0616462930755084,0.909696270825649,0.8044584958923597
G60,G60C4,0.675,1.325,0.8287183270012988,9.861,0.28407232,-0.07887241780003301,-0.11659439057258149,-0.0890830697499488,1073.0,753.0,-320.0,0.01841413333333297,9.548474921923533e-05,-0.011379944278422784,0.0021681283682110403,0.015881051300622964,0.0004801778529375428,0.004278959760172444,0.0013446712049581025,0.05776257318400142,0.003994687218527484,-0.0026770414210225404,-0.027493998242002382,0.013877417621505989,0.005589138393904403,0.033083136635906785,0.7479203638930262,1.0478796606847185,0.8979000122888723,0.7837305371354154
G62,G62C1,1.575,2.425,0.6168491276494172,15.05,0.27953211111111115,-0.07938827876807922,-0.1154796798528373,-0.0852163072573194,1182.0,758.0,-424.0,0.029960888888888926,0.00018448793135333725,-0.01761645916094323,0.002446146982340153,0.025631448444413747,0.0010218578561392274,0.014224248166177535,0.0012377564300801737,0.06482917432327923,0.0044436177311376335,0.009439652989772196,-0.016092901091148998,0.016164088928231513,0.014855665157652687,0.030948566248801684,0.9856659556096234,1.2230532018476696,1.1043595787286464,1.205521902960593
G62,G62C2,1.575,2.425,0.6413469365965626,11.719,0.2841039444444444,-0.08041852161917887,-0.11758238882990321,-0.0865670629075006,1134.0,716.0,-418.0,0.026662361111111088,0.000176480976825204,-0.014907963028661122,0.0032297825859862665,0.022916596837212203,0.001086375485329918,0.013023502918157253,0.0014635804835247924,0.06561188642263678,0.006743755677904016,0.00019494055114412844,0.0038614803315344115,0.014375951240521684,0.01281531727777449,0.008953836946240079,1.005047971561351,1.2471031718533412,1.126075571707346,1.2533985131989274
G62,G62C3,1.575,2.425,0.6321351425571087,11.633,0.27988880555555556,-0.07926128322482479,-0.1162201694867973,-0.0852280637768595,1241.0,735.0,-506.0,0.029234333333333362,0.0001891369341467145,-0.01684096734576512,0.0026963967454746393,0.025141352123973112,0.0010326701536447827,0.014507844660482301,0.0010895898457536845,0.06584993185580189,0.005375416258098195,0.005893315992675184,-0.02097623004246668,0.016482023233027304,0.01439308714443191,0.03536931718689859,0.9978040135855569,1.2381145830257345,1.1179592983056457,1.235395700221886
G62,G62C4,1.575,2.425,0.6774456260161776,7.766,0.28452894444444443,-0.07464191136897777,-0.11614035017686411,-0.09405872646265061,948.0,705.0,-243.0,0.023795777777777805,0.0001191829049574944,-0.016354660716401525,0.0018793958608298526,0.0203003549293737,0.0002549619070552606,0.0020974330494470577,0.0010998136846640096,0.059119569668434326,0.0037269003035740236,0.017967891125598698,0.0062660275378518815,0.017823655864880106,0.007197103139640587,0.0009310756017887056,1.032945720246461,1.2817197989768399,1.1573327596116503,1.323946980908281
